Type,SKU,Name,Published,Parent,"Is featured?","Visibility in catalog","Short description",Description,"In stock?",Stock,Weight,Length,Width,Height,"Sale price","Regular price",Categories,Images,"Attribute 1 name","Attribute 1 value (s)","Attribute 1 visible","Attribute 1 global","Attribute 2 name","Attribute 2 value (s)","Attribute 2 visible","Attribute 2 global"
variable,,,1,,,visible,,,1,,,,,,100,110,,http://images.midoceanbrands.com/image.mvc/WithIcon/MO1001_03/700/700/MO1001_03.jpg,Color,,1,1,Size,,1,1
variation,,,1,,0,visible,,,1,,,,,,100,110,,http://images.midoceanbrands.com/image.mvc/WithIcon/MO1001_03/700/700/MO1001_03.jpg,Color,,1,1,Size,,1,1
variation,,,1,,0,visible,,,1,,,,,,100,110,,http://images.midoceanbrands.com/image.mvc/WithIcon/MO1001_03/700/700/MO1001_03.jpg,Color,,1,1,Size,,1,1
variation,,,1,,0,visible,,,1,,,,,,100,110,,http://images.midoceanbrands.com/image.mvc/WithIcon/MO1001_03/700/700/MO1001_03.jpg,Color,,1,1,Size,,1,1
variation,,,1,,0,visible,,,1,,,,,,100,110,,http://images.midoceanbrands.com/image.mvc/WithIcon/MO1001_03/700/700/MO1001_03.jpg,Color,,1,1,Size,,1,1
variation,,,1,,0,visible,,,1,,,,,,100,110,,http://images.midoceanbrands.com/image.mvc/WithIcon/MO1001_03/700/700/MO1001_03.jpg,Color,,1,1,Size,,1,1
variation,,,1,,0,visible,,,1,,,,,,100,110,,http://images.midoceanbrands.com/image.mvc/WithIcon/MO1001_03/700/700/MO1001_03.jpg,Color,,1,1,Size,,1,1
variation,,,1,,0,visible,,,1,,,,,,100,110,,http://images.midoceanbrands.com/image.mvc/WithIcon/MO1001_03/700/700/MO1001_03.jpg,Color,,1,1,Size,,1,1
variation,,,1,,0,visible,,,1,,,,,,100,110,,http://images.midoceanbrands.com/image.mvc/WithIcon/MO1001_03/700/700/MO1001_03.jpg,Color,,1,1,Size,,1,1
variation,,,1,,0,visible,,,1,,,,,,100,110,,http://images.midoceanbrands.com/image.mvc/WithIcon/MO1001_03/700/700/MO1001_03.jpg,Color,,1,1,Size,,1,1
variation,,,1,,0,visible,,,1,,,,,,100,110,,http://images.midoceanbrands.com/image.mvc/WithIcon/MO1001_03/700/700/MO1001_03.jpg,Color,,1,1,Size,,1,1
variation,,,1,,0,visible,,,1,,,,,,100,110,,http://images.midoceanbrands.com/image.mvc/WithIcon/MO1001_03/700/700/MO1001_03.jpg,Color,,1,1,Size,,1,1
variable,,,1,,,visible,,,1,,,,,,100,110,,http://images.midoceanbrands.com/image.mvc/WithIcon/MO1003_16/700/700/MO1003_16.jpg,Color,,1,1,Size,,1,1
variation,,,1,,0,visible,,,1,,,,,,100,110,,http://images.midoceanbrands.com/image.mvc/WithIcon/MO1003_16/700/700/MO1003_16.jpg,Color,,1,1,Size,,1,1
variation,,,1,,0,visible,,,1,,,,,,100,110,,http://images.midoceanbrands.com/image.mvc/WithIcon/MO1003_16/700/700/MO1003_16.jpg,Color,,1,1,Size,,1,1
variation,,,1,,0,visible,,,1,,,,,,100,110,,http://images.midoceanbrands.com/image.mvc/WithIcon/MO1003_16/700/700/MO1003_16.jpg,Color,,1,1,Size,,1,1
variation,,,1,,0,visible,,,1,,,,,,100,110,,http://images.midoceanbrands.com/image.mvc/WithIcon/MO1003_16/700/700/MO1003_16.jpg,Color,,1,1,Size,,1,1
simple,,,1,,0,visible,,,1,,,,,,100,110,,http://images.midoceanbrands.com/image.mvc/WithIcon/MO1007_16/700/700/MO1007_16.jpg,,,,,,,,
variable,,,1,,,visible,,,1,,,,,,100,110,,http://images.midoceanbrands.com/image.mvc/WithIcon/MO1008_04/700/700/MO1008_04.jpg,Color,,1,1,Size,,1,1
variation,,,1,,0,visible,,,1,,,,,,100,110,,http://images.midoceanbrands.com/image.mvc/WithIcon/MO1008_04/700/700/MO1008_04.jpg,Color,,1,1,Size,,1,1
variation,,,1,,0,visible,,,1,,,,,,100,110,,http://images.midoceanbrands.com/image.mvc/WithIcon/MO1008_04/700/700/MO1008_04.jpg,Color,,1,1,Size,,1,1
variable,,,1,,,visible,,,1,,,,,,100,110,,http://images.midoceanbrands.com/image.mvc/WithIcon/MO1013_01/700/700/MO1013_01.jpg,Color,,1,1,Size,,1,1
variation,,,1,,0,visible,,,1,,,,,,100,110,,http://images.midoceanbrands.com/image.mvc/WithIcon/MO1013_01/700/700/MO1013_01.jpg,Color,,1,1,Size,,1,1
variable,,,1,,,visible,,,1,,,,,,100,110,,http://images.midoceanbrands.com/image.mvc/WithIcon/MO1020_03/700/700/MO1020_03.jpg,Color,,1,1,Size,,1,1
variation,,,1,,0,visible,,,1,,,,,,100,110,,http://images.midoceanbrands.com/image.mvc/WithIcon/MO1020_03/700/700/MO1020_03.jpg,Color,,1,1,Size,,1,1
variable,,,1,,,visible,,,1,,,,,,100,110,,http://images.midoceanbrands.com/image.mvc/WithIcon/MO1021_03/700/700/MO1021_03.jpg,Color,,1,1,Size,,1,1
variation,,,1,,0,visible,,,1,,,,,,100,110,,http://images.midoceanbrands.com/image.mvc/WithIcon/MO1021_03/700/700/MO1021_03.jpg,Color,,1,1,Size,,1,1
simple,,,1,,0,visible,,,1,,,,,,100,110,,http://images.midoceanbrands.com/image.mvc/WithIcon/MO1036_16/700/700/MO1036_16.jpg,,,,,,,,
variable,,,1,,,visible,,,1,,,,,,100,110,,http://images.midoceanbrands.com/image.mvc/WithIcon/MO1049_03/700/700/MO1049_03.jpg,Color,,1,1,Size,,1,1
variation,,,1,,0,visible,,,1,,,,,,100,110,,http://images.midoceanbrands.com/image.mvc/WithIcon/MO1049_03/700/700/MO1049_03.jpg,Color,,1,1,Size,,1,1
variation,,,1,,0,visible,,,1,,,,,,100,110,,http://images.midoceanbrands.com/image.mvc/WithIcon/MO1049_03/700/700/MO1049_03.jpg,Color,,1,1,Size,,1,1
variable,,,1,,,visible,,,1,,,,,,100,110,,http://images.midoceanbrands.com/image.mvc/WithIcon/MO1055_01/700/700/MO1055_01.jpg,Color,,1,1,Size,,1,1
variation,,,1,,0,visible,,,1,,,,,,100,110,,http://images.midoceanbrands.com/image.mvc/WithIcon/MO1055_01/700/700/MO1055_01.jpg,Color,,1,1,Size,,1,1
simple,,,1,,0,visible,,,1,,,,,,100,110,,http://images.midoceanbrands.com/image.mvc/WithIcon/MO1059_06/700/700/MO1059_06.jpg,,,,,,,,
variable,,,1,,,visible,,,1,,,,,,100,110,,http://images.midoceanbrands.com/image.mvc/WithIcon/MO1082_03/700/700/MO1082_03.jpg,Color,,1,1,Size,,1,1
variation,,,1,,0,visible,,,1,,,,,,100,110,,http://images.midoceanbrands.com/image.mvc/WithIcon/MO1082_03/700/700/MO1082_03.jpg,Color,,1,1,Size,,1,1
variation,,,1,,0,visible,,,1,,,,,,100,110,,http://images.midoceanbrands.com/image.mvc/WithIcon/MO1082_03/700/700/MO1082_03.jpg,Color,,1,1,Size,,1,1
variation,,,1,,0,visible,,,1,,,,,,100,110,,http://images.midoceanbrands.com/image.mvc/WithIcon/MO1082_03/700/700/MO1082_03.jpg,Color,,1,1,Size,,1,1
variation,,,1,,0,visible,,,1,,,,,,100,110,,http://images.midoceanbrands.com/image.mvc/WithIcon/MO1082_03/700/700/MO1082_03.jpg,Color,,1,1,Size,,1,1
variable,,,1,,,visible,,,1,,,,,,100,110,,http://images.midoceanbrands.com/image.mvc/WithIcon/MO1089_16/700/700/MO1089_16.jpg,Color,,1,1,Size,,1,1
variation,,,1,,0,visible,,,1,,,,,,100,110,,http://images.midoceanbrands.com/image.mvc/WithIcon/MO1089_16/700/700/MO1089_16.jpg,Color,,1,1,Size,,1,1
variation,,,1,,0,visible,,,1,,,,,,100,110,,http://images.midoceanbrands.com/image.mvc/WithIcon/MO1089_16/700/700/MO1089_16.jpg,Color,,1,1,Size,,1,1
variation,,,1,,0,visible,,,1,,,,,,100,110,,http://images.midoceanbrands.com/image.mvc/WithIcon/MO1089_16/700/700/MO1089_16.jpg,Color,,1,1,Size,,1,1
variation,,,1,,0,visible,,,1,,,,,,100,110,,http://images.midoceanbrands.com/image.mvc/WithIcon/MO1089_16/700/700/MO1089_16.jpg,Color,,1,1,Size,,1,1
variation,,,1,,0,visible,,,1,,,,,,100,110,,http://images.midoceanbrands.com/image.mvc/WithIcon/MO1089_16/700/700/MO1089_16.jpg,Color,,1,1,Size,,1,1
variable,,,1,,,visible,,,1,,,,,,100,110,,http://images.midoceanbrands.com/image.mvc/WithIcon/MO1091_01/700/700/MO1091_01.jpg,Color,,1,1,Size,,1,1
variation,,,1,,0,visible,,,1,,,,,,100,110,,http://images.midoceanbrands.com/image.mvc/WithIcon/MO1091_01/700/700/MO1091_01.jpg,Color,,1,1,Size,,1,1
simple,,,1,,0,visible,,,1,,,,,,100,110,,http://images.midoceanbrands.com/image.mvc/WithIcon/MO1092_06/700/700/MO1092_06.jpg,,,,,,,,
variable,,,1,,,visible,,,1,,,,,,100,110,,http://images.midoceanbrands.com/image.mvc/WithIcon/MO1093_03/700/700/MO1093_03.jpg,Color,,1,1,Size,,1,1
variation,,,1,,0,visible,,,1,,,,,,100,110,,http://images.midoceanbrands.com/image.mvc/WithIcon/MO1093_03/700/700/MO1093_03.jpg,Color,,1,1,Size,,1,1
variation,,,1,,0,visible,,,1,,,,,,100,110,,http://images.midoceanbrands.com/image.mvc/WithIcon/MO1093_03/700/700/MO1093_03.jpg,Color,,1,1,Size,,1,1
variation,,,1,,0,visible,,,1,,,,,,100,110,,http://images.midoceanbrands.com/image.mvc/WithIcon/MO1093_03/700/700/MO1093_03.jpg,Color,,1,1,Size,,1,1
variable,,,1,,,visible,,,1,,,,,,100,110,,http://images.midoceanbrands.com/image.mvc/WithIcon/MO1101_03/700/700/MO1101_03.jpg,Color,,1,1,Size,,1,1
variation,,,1,,0,visible,,,1,,,,,,100,110,,http://images.midoceanbrands.com/image.mvc/WithIcon/MO1101_03/700/700/MO1101_03.jpg,Color,,1,1,Size,,1,1
variation,,,1,,0,visible,,,1,,,,,,100,110,,http://images.midoceanbrands.com/image.mvc/WithIcon/MO1101_03/700/700/MO1101_03.jpg,Color,,1,1,Size,,1,1
variation,,,1,,0,visible,,,1,,,,,,100,110,,http://images.midoceanbrands.com/image.mvc/WithIcon/MO1101_03/700/700/MO1101_03.jpg,Color,,1,1,Size,,1,1
variation,,,1,,0,visible,,,1,,,,,,100,110,,http://images.midoceanbrands.com/image.mvc/WithIcon/MO1101_03/700/700/MO1101_03.jpg,Color,,1,1,Size,,1,1
variable,,,1,,,visible,,,1,,,,,,100,110,,http://images.midoceanbrands.com/image.mvc/WithIcon/MO1102_03/700/700/MO1102_03.jpg,Color,,1,1,Size,,1,1
variation,,,1,,0,visible,,,1,,,,,,100,110,,http://images.midoceanbrands.com/image.mvc/WithIcon/MO1102_03/700/700/MO1102_03.jpg,Color,,1,1,Size,,1,1
variation,,,1,,0,visible,,,1,,,,,,100,110,,http://images.midoceanbrands.com/image.mvc/WithIcon/MO1102_03/700/700/MO1102_03.jpg,Color,,1,1,Size,,1,1
variation,,,1,,0,visible,,,1,,,,,,100,110,,http://images.midoceanbrands.com/image.mvc/WithIcon/MO1102_03/700/700/MO1102_03.jpg,Color,,1,1,Size,,1,1
variable,,,1,,,visible,,,1,,,,,,100,110,,http://images.midoceanbrands.com/image.mvc/WithIcon/MO1103_03/700/700/MO1103_03.jpg,Color,,1,1,Size,,1,1
variation,,,1,,0,visible,,,1,,,,,,100,110,,http://images.midoceanbrands.com/image.mvc/WithIcon/MO1103_03/700/700/MO1103_03.jpg,Color,,1,1,Size,,1,1
variation,,,1,,0,visible,,,1,,,,,,100,110,,http://images.midoceanbrands.com/image.mvc/WithIcon/MO1103_03/700/700/MO1103_03.jpg,Color,,1,1,Size,,1,1
variation,,,1,,0,visible,,,1,,,,,,100,110,,http://images.midoceanbrands.com/image.mvc/WithIcon/MO1103_03/700/700/MO1103_03.jpg,Color,,1,1,Size,,1,1
variation,,,1,,0,visible,,,1,,,,,,100,110,,http://images.midoceanbrands.com/image.mvc/WithIcon/MO1103_03/700/700/MO1103_03.jpg,Color,,1,1,Size,,1,1
variation,,,1,,0,visible,,,1,,,,,,100,110,,http://images.midoceanbrands.com/image.mvc/WithIcon/MO1103_03/700/700/MO1103_03.jpg,Color,,1,1,Size,,1,1
variation,,,1,,0,visible,,,1,,,,,,100,110,,http://images.midoceanbrands.com/image.mvc/WithIcon/MO1103_03/700/700/MO1103_03.jpg,Color,,1,1,Size,,1,1
variation,,,1,,0,visible,,,1,,,,,,100,110,,http://images.midoceanbrands.com/image.mvc/WithIcon/MO1103_03/700/700/MO1103_03.jpg,Color,,1,1,Size,,1,1
variation,,,1,,0,visible,,,1,,,,,,100,110,,http://images.midoceanbrands.com/image.mvc/WithIcon/MO1103_03/700/700/MO1103_03.jpg,Color,,1,1,Size,,1,1
variation,,,1,,0,visible,,,1,,,,,,100,110,,http://images.midoceanbrands.com/image.mvc/WithIcon/MO1103_03/700/700/MO1103_03.jpg,Color,,1,1,Size,,1,1
variation,,,1,,0,visible,,,1,,,,,,100,110,,http://images.midoceanbrands.com/image.mvc/WithIcon/MO1103_03/700/700/MO1103_03.jpg,Color,,1,1,Size,,1,1
variation,,,1,,0,visible,,,1,,,,,,100,110,,http://images.midoceanbrands.com/image.mvc/WithIcon/MO1103_03/700/700/MO1103_03.jpg,Color,,1,1,Size,,1,1
variable,,,1,,,visible,,,1,,,,,,100,110,,http://images.midoceanbrands.com/image.mvc/WithIcon/MO1104_03/700/700/MO1104_03.jpg,Color,,1,1,Size,,1,1
variation,,,1,,0,visible,,,1,,,,,,100,110,,http://images.midoceanbrands.com/image.mvc/WithIcon/MO1104_03/700/700/MO1104_03.jpg,Color,,1,1,Size,,1,1
variation,,,1,,0,visible,,,1,,,,,,100,110,,http://images.midoceanbrands.com/image.mvc/WithIcon/MO1104_03/700/700/MO1104_03.jpg,Color,,1,1,Size,,1,1
variation,,,1,,0,visible,,,1,,,,,,100,110,,http://images.midoceanbrands.com/image.mvc/WithIcon/MO1104_03/700/700/MO1104_03.jpg,Color,,1,1,Size,,1,1
variation,,,1,,0,visible,,,1,,,,,,100,110,,http://images.midoceanbrands.com/image.mvc/WithIcon/MO1104_03/700/700/MO1104_03.jpg,Color,,1,1,Size,,1,1
variation,,,1,,0,visible,,,1,,,,,,100,110,,http://images.midoceanbrands.com/image.mvc/WithIcon/MO1104_03/700/700/MO1104_03.jpg,Color,,1,1,Size,,1,1
variation,,,1,,0,visible,,,1,,,,,,100,110,,http://images.midoceanbrands.com/image.mvc/WithIcon/MO1104_03/700/700/MO1104_03.jpg,Color,,1,1,Size,,1,1
variation,,,1,,0,visible,,,1,,,,,,100,110,,http://images.midoceanbrands.com/image.mvc/WithIcon/MO1104_03/700/700/MO1104_03.jpg,Color,,1,1,Size,,1,1
variation,,,1,,0,visible,,,1,,,,,,100,110,,http://images.midoceanbrands.com/image.mvc/WithIcon/MO1104_03/700/700/MO1104_03.jpg,Color,,1,1,Size,,1,1
variation,,,1,,0,visible,,,1,,,,,,100,110,,http://images.midoceanbrands.com/image.mvc/WithIcon/MO1104_03/700/700/MO1104_03.jpg,Color,,1,1,Size,,1,1
variation,,,1,,0,visible,,,1,,,,,,100,110,,http://images.midoceanbrands.com/image.mvc/WithIcon/MO1104_03/700/700/MO1104_03.jpg,Color,,1,1,Size,,1,1
variation,,,1,,0,visible,,,1,,,,,,100,110,,http://images.midoceanbrands.com/image.mvc/WithIcon/MO1104_03/700/700/MO1104_03.jpg,Color,,1,1,Size,,1,1
variable,,,1,,,visible,,,1,,,,,,100,110,,http://images.midoceanbrands.com/image.mvc/WithIcon/MO1106_23/700/700/MO1106_23.jpg,Color,,1,1,Size,,1,1
variation,,,1,,0,visible,,,1,,,,,,100,110,,http://images.midoceanbrands.com/image.mvc/WithIcon/MO1106_23/700/700/MO1106_23.jpg,Color,,1,1,Size,,1,1
variation,,,1,,0,visible,,,1,,,,,,100,110,,http://images.midoceanbrands.com/image.mvc/WithIcon/MO1106_23/700/700/MO1106_23.jpg,Color,,1,1,Size,,1,1
variation,,,1,,0,visible,,,1,,,,,,100,110,,http://images.midoceanbrands.com/image.mvc/WithIcon/MO1106_23/700/700/MO1106_23.jpg,Color,,1,1,Size,,1,1
variation,,,1,,0,visible,,,1,,,,,,100,110,,http://images.midoceanbrands.com/image.mvc/WithIcon/MO1106_23/700/700/MO1106_23.jpg,Color,,1,1,Size,,1,1
variable,,,1,,,visible,,,1,,,,,,100,110,,http://images.midoceanbrands.com/image.mvc/WithIcon/MO1107_03/700/700/MO1107_03.jpg,Color,,1,1,Size,,1,1
variation,,,1,,0,visible,,,1,,,,,,100,110,,http://images.midoceanbrands.com/image.mvc/WithIcon/MO1107_03/700/700/MO1107_03.jpg,Color,,1,1,Size,,1,1
variable,,,1,,,visible,,,1,,,,,,100,110,,http://images.midoceanbrands.com/image.mvc/WithIcon/MO1108_03/700/700/MO1108_03.jpg,Color,,1,1,Size,,1,1
variation,,,1,,0,visible,,,1,,,,,,100,110,,http://images.midoceanbrands.com/image.mvc/WithIcon/MO1108_03/700/700/MO1108_03.jpg,Color,,1,1,Size,,1,1
variation,,,1,,0,visible,,,1,,,,,,100,110,,http://images.midoceanbrands.com/image.mvc/WithIcon/MO1108_03/700/700/MO1108_03.jpg,Color,,1,1,Size,,1,1
variation,,,1,,0,visible,,,1,,,,,,100,110,,http://images.midoceanbrands.com/image.mvc/WithIcon/MO1108_03/700/700/MO1108_03.jpg,Color,,1,1,Size,,1,1
variable,,,1,,,visible,,,1,,,,,,100,110,,http://images.midoceanbrands.com/image.mvc/WithIcon/MO1109_03/700/700/MO1109_03.jpg,Color,,1,1,Size,,1,1
variation,,,1,,0,visible,,,1,,,,,,100,110,,http://images.midoceanbrands.com/image.mvc/WithIcon/MO1109_03/700/700/MO1109_03.jpg,Color,,1,1,Size,,1,1
variation,,,1,,0,visible,,,1,,,,,,100,110,,http://images.midoceanbrands.com/image.mvc/WithIcon/MO1109_03/700/700/MO1109_03.jpg,Color,,1,1,Size,,1,1
variation,,,1,,0,visible,,,1,,,,,,100,110,,http://images.midoceanbrands.com/image.mvc/WithIcon/MO1109_03/700/700/MO1109_03.jpg,Color,,1,1,Size,,1,1
variation,,,1,,0,visible,,,1,,,,,,100,110,,http://images.midoceanbrands.com/image.mvc/WithIcon/MO1109_03/700/700/MO1109_03.jpg,Color,,1,1,Size,,1,1
variation,,,1,,0,visible,,,1,,,,,,100,110,,http://images.midoceanbrands.com/image.mvc/WithIcon/MO1109_03/700/700/MO1109_03.jpg,Color,,1,1,Size,,1,1
variable,,,1,,,visible,,,1,,,,,,100,110,,http://images.midoceanbrands.com/image.mvc/WithIcon/MO1110_03/700/700/MO1110_03.jpg,Color,,1,1,Size,,1,1
variation,,,1,,0,visible,,,1,,,,,,100,110,,http://images.midoceanbrands.com/image.mvc/WithIcon/MO1110_03/700/700/MO1110_03.jpg,Color,,1,1,Size,,1,1
variation,,,1,,0,visible,,,1,,,,,,100,110,,http://images.midoceanbrands.com/image.mvc/WithIcon/MO1110_03/700/700/MO1110_03.jpg,Color,,1,1,Size,,1,1
variation,,,1,,0,visible,,,1,,,,,,100,110,,http://images.midoceanbrands.com/image.mvc/WithIcon/MO1110_03/700/700/MO1110_03.jpg,Color,,1,1,Size,,1,1
variation,,,1,,0,visible,,,1,,,,,,100,110,,http://images.midoceanbrands.com/image.mvc/WithIcon/MO1110_03/700/700/MO1110_03.jpg,Color,,1,1,Size,,1,1
variation,,,1,,0,visible,,,1,,,,,,100,110,,http://images.midoceanbrands.com/image.mvc/WithIcon/MO1110_03/700/700/MO1110_03.jpg,Color,,1,1,Size,,1,1
variation,,,1,,0,visible,,,1,,,,,,100,110,,http://images.midoceanbrands.com/image.mvc/WithIcon/MO1110_03/700/700/MO1110_03.jpg,Color,,1,1,Size,,1,1
variation,,,1,,0,visible,,,1,,,,,,100,110,,http://images.midoceanbrands.com/image.mvc/WithIcon/MO1110_03/700/700/MO1110_03.jpg,Color,,1,1,Size,,1,1
simple,,,1,,0,visible,,,1,,,,,,100,110,,http://images.midoceanbrands.com/image.mvc/WithIcon/MO1111_16/700/700/MO1111_16.jpg,,,,,,,,
simple,,,1,,0,visible,,,1,,,,,,100,110,,http://images.midoceanbrands.com/image.mvc/WithIcon/MO1112_16/700/700/MO1112_16.jpg,,,,,,,,
simple,,,1,,0,visible,,,1,,,,,,100,110,,http://images.midoceanbrands.com/image.mvc/WithIcon/MO1113_16/700/700/MO1113_16.jpg,,,,,,,,
variable,,,1,,,visible,,,1,,,,,,100,110,,http://images.midoceanbrands.com/image.mvc/WithIcon/MO1114_03/700/700/MO1114_03.jpg,Color,,1,1,Size,,1,1
variation,,,1,,0,visible,,,1,,,,,,100,110,,http://images.midoceanbrands.com/image.mvc/WithIcon/MO1114_03/700/700/MO1114_03.jpg,Color,,1,1,Size,,1,1
variation,,,1,,0,visible,,,1,,,,,,100,110,,http://images.midoceanbrands.com/image.mvc/WithIcon/MO1114_03/700/700/MO1114_03.jpg,Color,,1,1,Size,,1,1
variation,,,1,,0,visible,,,1,,,,,,100,110,,http://images.midoceanbrands.com/image.mvc/WithIcon/MO1114_03/700/700/MO1114_03.jpg,Color,,1,1,Size,,1,1
variation,,,1,,0,visible,,,1,,,,,,100,110,,http://images.midoceanbrands.com/image.mvc/WithIcon/MO1114_03/700/700/MO1114_03.jpg,Color,,1,1,Size,,1,1
variable,,,1,,,visible,,,1,,,,,,100,110,,http://images.midoceanbrands.com/image.mvc/WithIcon/MO1115_03/700/700/MO1115_03.jpg,Color,,1,1,Size,,1,1
variation,,,1,,0,visible,,,1,,,,,,100,110,,http://images.midoceanbrands.com/image.mvc/WithIcon/MO1115_03/700/700/MO1115_03.jpg,Color,,1,1,Size,,1,1
variation,,,1,,0,visible,,,1,,,,,,100,110,,http://images.midoceanbrands.com/image.mvc/WithIcon/MO1115_03/700/700/MO1115_03.jpg,Color,,1,1,Size,,1,1
variation,,,1,,0,visible,,,1,,,,,,100,110,,http://images.midoceanbrands.com/image.mvc/WithIcon/MO1115_03/700/700/MO1115_03.jpg,Color,,1,1,Size,,1,1
variable,,,1,,,visible,,,1,,,,,,100,110,,http://images.midoceanbrands.com/image.mvc/WithIcon/MO1116_03/700/700/MO1116_03.jpg,Color,,1,1,Size,,1,1
variation,,,1,,0,visible,,,1,,,,,,100,110,,http://images.midoceanbrands.com/image.mvc/WithIcon/MO1116_03/700/700/MO1116_03.jpg,Color,,1,1,Size,,1,1
variation,,,1,,0,visible,,,1,,,,,,100,110,,http://images.midoceanbrands.com/image.mvc/WithIcon/MO1116_03/700/700/MO1116_03.jpg,Color,,1,1,Size,,1,1
variation,,,1,,0,visible,,,1,,,,,,100,110,,http://images.midoceanbrands.com/image.mvc/WithIcon/MO1116_03/700/700/MO1116_03.jpg,Color,,1,1,Size,,1,1
variable,,,1,,,visible,,,1,,,,,,100,110,,http://images.midoceanbrands.com/image.mvc/WithIcon/MO1117_03/700/700/MO1117_03.jpg,Color,,1,1,Size,,1,1
variation,,,1,,0,visible,,,1,,,,,,100,110,,http://images.midoceanbrands.com/image.mvc/WithIcon/MO1117_03/700/700/MO1117_03.jpg,Color,,1,1,Size,,1,1
variation,,,1,,0,visible,,,1,,,,,,100,110,,http://images.midoceanbrands.com/image.mvc/WithIcon/MO1117_03/700/700/MO1117_03.jpg,Color,,1,1,Size,,1,1
variation,,,1,,0,visible,,,1,,,,,,100,110,,http://images.midoceanbrands.com/image.mvc/WithIcon/MO1117_03/700/700/MO1117_03.jpg,Color,,1,1,Size,,1,1
simple,,,1,,0,visible,,,1,,,,,,100,110,,http://images.midoceanbrands.com/image.mvc/WithIcon/MO1159_06/700/700/MO1159_06.jpg,,,,,,,,
variable,,,1,,,visible,,,1,,,,,,100,110,,http://images.midoceanbrands.com/image.mvc/WithIcon/MO1201_01/700/700/MO1201_01.jpg,Color,,1,1,Size,,1,1
variation,,,1,,0,visible,,,1,,,,,,100,110,,http://images.midoceanbrands.com/image.mvc/WithIcon/MO1201_01/700/700/MO1201_01.jpg,Color,,1,1,Size,,1,1
simple,,,1,,0,visible,,,1,,,,,,100,110,,http://images.midoceanbrands.com/image.mvc/WithIcon/MO1202_40/700/700/MO1202_40.jpg,,,,,,,,
simple,,,1,,0,visible,,,1,,,,,,100,110,,http://images.midoceanbrands.com/image.mvc/WithIcon/MO1259_13/700/700/MO1259_13.jpg,,,,,,,,
simple,,,1,,0,visible,,,1,,,,,,100,110,,http://images.midoceanbrands.com/image.mvc/WithIcon/MO1275_13/700/700/MO1275_13.jpg,,,,,,,,
variable,,,1,,,visible,,,1,,,,,,100,110,,http://images.midoceanbrands.com/image.mvc/WithIcon/MO1301_03/700/700/MO1301_03.jpg,Color,,1,1,Size,,1,1
variation,,,1,,0,visible,,,1,,,,,,100,110,,http://images.midoceanbrands.com/image.mvc/WithIcon/MO1301_03/700/700/MO1301_03.jpg,Color,,1,1,Size,,1,1
variation,,,1,,0,visible,,,1,,,,,,100,110,,http://images.midoceanbrands.com/image.mvc/WithIcon/MO1301_03/700/700/MO1301_03.jpg,Color,,1,1,Size,,1,1
variation,,,1,,0,visible,,,1,,,,,,100,110,,http://images.midoceanbrands.com/image.mvc/WithIcon/MO1301_03/700/700/MO1301_03.jpg,Color,,1,1,Size,,1,1
variable,,,1,,,visible,,,1,,,,,,100,110,,http://images.midoceanbrands.com/image.mvc/WithIcon/MO1306_23/700/700/MO1306_23.jpg,Color,,1,1,Size,,1,1
variation,,,1,,0,visible,,,1,,,,,,100,110,,http://images.midoceanbrands.com/image.mvc/WithIcon/MO1306_23/700/700/MO1306_23.jpg,Color,,1,1,Size,,1,1
variation,,,1,,0,visible,,,1,,,,,,100,110,,http://images.midoceanbrands.com/image.mvc/WithIcon/MO1306_23/700/700/MO1306_23.jpg,Color,,1,1,Size,,1,1
variation,,,1,,0,visible,,,1,,,,,,100,110,,http://images.midoceanbrands.com/image.mvc/WithIcon/MO1306_23/700/700/MO1306_23.jpg,Color,,1,1,Size,,1,1
variation,,,1,,0,visible,,,1,,,,,,100,110,,http://images.midoceanbrands.com/image.mvc/WithIcon/MO1306_23/700/700/MO1306_23.jpg,Color,,1,1,Size,,1,1
variable,,,1,,,visible,,,1,,,,,,100,110,,http://images.midoceanbrands.com/image.mvc/WithIcon/MO1311_03/700/700/MO1311_03.jpg,Color,,1,1,Size,,1,1
variation,,,1,,0,visible,,,1,,,,,,100,110,,http://images.midoceanbrands.com/image.mvc/WithIcon/MO1311_03/700/700/MO1311_03.jpg,Color,,1,1,Size,,1,1
variation,,,1,,0,visible,,,1,,,,,,100,110,,http://images.midoceanbrands.com/image.mvc/WithIcon/MO1311_03/700/700/MO1311_03.jpg,Color,,1,1,Size,,1,1
variation,,,1,,0,visible,,,1,,,,,,100,110,,http://images.midoceanbrands.com/image.mvc/WithIcon/MO1311_03/700/700/MO1311_03.jpg,Color,,1,1,Size,,1,1
variation,,,1,,0,visible,,,1,,,,,,100,110,,http://images.midoceanbrands.com/image.mvc/WithIcon/MO1311_03/700/700/MO1311_03.jpg,Color,,1,1,Size,,1,1
variable,,,1,,,visible,,,1,,,,,,100,110,,http://images.midoceanbrands.com/image.mvc/WithIcon/MO1312_03/700/700/MO1312_03.jpg,Color,,1,1,Size,,1,1
variation,,,1,,0,visible,,,1,,,,,,100,110,,http://images.midoceanbrands.com/image.mvc/WithIcon/MO1312_03/700/700/MO1312_03.jpg,Color,,1,1,Size,,1,1
variation,,,1,,0,visible,,,1,,,,,,100,110,,http://images.midoceanbrands.com/image.mvc/WithIcon/MO1312_03/700/700/MO1312_03.jpg,Color,,1,1,Size,,1,1
variation,,,1,,0,visible,,,1,,,,,,100,110,,http://images.midoceanbrands.com/image.mvc/WithIcon/MO1312_03/700/700/MO1312_03.jpg,Color,,1,1,Size,,1,1
variable,,,1,,,visible,,,1,,,,,,100,110,,http://images.midoceanbrands.com/image.mvc/WithIcon/MO5003_03/700/700/MO5003_03.jpg,Color,,1,1,Size,,1,1
variation,,,1,,0,visible,,,1,,,,,,100,110,,http://images.midoceanbrands.com/image.mvc/WithIcon/MO5003_03/700/700/MO5003_03.jpg,Color,,1,1,Size,,1,1
variation,,,1,,0,visible,,,1,,,,,,100,110,,http://images.midoceanbrands.com/image.mvc/WithIcon/MO5003_03/700/700/MO5003_03.jpg,Color,,1,1,Size,,1,1
variation,,,1,,0,visible,,,1,,,,,,100,110,,http://images.midoceanbrands.com/image.mvc/WithIcon/MO5003_03/700/700/MO5003_03.jpg,Color,,1,1,Size,,1,1
variation,,,1,,0,visible,,,1,,,,,,100,110,,http://images.midoceanbrands.com/image.mvc/WithIcon/MO5003_03/700/700/MO5003_03.jpg,Color,,1,1,Size,,1,1
variable,,,1,,,visible,,,1,,,,,,100,110,,http://images.midoceanbrands.com/image.mvc/WithIcon/MO5005_03/700/700/MO5005_03.jpg,Color,,1,1,Size,,1,1
variation,,,1,,0,visible,,,1,,,,,,100,110,,http://images.midoceanbrands.com/image.mvc/WithIcon/MO5005_03/700/700/MO5005_03.jpg,Color,,1,1,Size,,1,1
variation,,,1,,0,visible,,,1,,,,,,100,110,,http://images.midoceanbrands.com/image.mvc/WithIcon/MO5005_03/700/700/MO5005_03.jpg,Color,,1,1,Size,,1,1
variation,,,1,,0,visible,,,1,,,,,,100,110,,http://images.midoceanbrands.com/image.mvc/WithIcon/MO5005_03/700/700/MO5005_03.jpg,Color,,1,1,Size,,1,1
variation,,,1,,0,visible,,,1,,,,,,100,110,,http://images.midoceanbrands.com/image.mvc/WithIcon/MO5005_03/700/700/MO5005_03.jpg,Color,,1,1,Size,,1,1
variation,,,1,,0,visible,,,1,,,,,,100,110,,http://images.midoceanbrands.com/image.mvc/WithIcon/MO5005_03/700/700/MO5005_03.jpg,Color,,1,1,Size,,1,1
variable,,,1,,,visible,,,1,,,,,,100,110,,http://images.midoceanbrands.com/image.mvc/WithIcon/MO5006_03/700/700/MO5006_03.jpg,Color,,1,1,Size,,1,1
variation,,,1,,0,visible,,,1,,,,,,100,110,,http://images.midoceanbrands.com/image.mvc/WithIcon/MO5006_03/700/700/MO5006_03.jpg,Color,,1,1,Size,,1,1
variation,,,1,,0,visible,,,1,,,,,,100,110,,http://images.midoceanbrands.com/image.mvc/WithIcon/MO5006_03/700/700/MO5006_03.jpg,Color,,1,1,Size,,1,1
variation,,,1,,0,visible,,,1,,,,,,100,110,,http://images.midoceanbrands.com/image.mvc/WithIcon/MO5006_03/700/700/MO5006_03.jpg,Color,,1,1,Size,,1,1
variation,,,1,,0,visible,,,1,,,,,,100,110,,http://images.midoceanbrands.com/image.mvc/WithIcon/MO5006_03/700/700/MO5006_03.jpg,Color,,1,1,Size,,1,1
variation,,,1,,0,visible,,,1,,,,,,100,110,,http://images.midoceanbrands.com/image.mvc/WithIcon/MO5006_03/700/700/MO5006_03.jpg,Color,,1,1,Size,,1,1
variable,,,1,,,visible,,,1,,,,,,100,110,,http://images.midoceanbrands.com/image.mvc/WithIcon/MO5007_03/700/700/MO5007_03.jpg,Color,,1,1,Size,,1,1
variation,,,1,,0,visible,,,1,,,,,,100,110,,http://images.midoceanbrands.com/image.mvc/WithIcon/MO5007_03/700/700/MO5007_03.jpg,Color,,1,1,Size,,1,1
variation,,,1,,0,visible,,,1,,,,,,100,110,,http://images.midoceanbrands.com/image.mvc/WithIcon/MO5007_03/700/700/MO5007_03.jpg,Color,,1,1,Size,,1,1
variation,,,1,,0,visible,,,1,,,,,,100,110,,http://images.midoceanbrands.com/image.mvc/WithIcon/MO5007_03/700/700/MO5007_03.jpg,Color,,1,1,Size,,1,1
variation,,,1,,0,visible,,,1,,,,,,100,110,,http://images.midoceanbrands.com/image.mvc/WithIcon/MO5007_03/700/700/MO5007_03.jpg,Color,,1,1,Size,,1,1
variation,,,1,,0,visible,,,1,,,,,,100,110,,http://images.midoceanbrands.com/image.mvc/WithIcon/MO5007_03/700/700/MO5007_03.jpg,Color,,1,1,Size,,1,1
variable,,,1,,,visible,,,1,,,,,,100,110,,http://images.midoceanbrands.com/image.mvc/WithIcon/MO5107_03/700/700/MO5107_03.jpg,Color,,1,1,Size,,1,1
variation,,,1,,0,visible,,,1,,,,,,100,110,,http://images.midoceanbrands.com/image.mvc/WithIcon/MO5107_03/700/700/MO5107_03.jpg,Color,,1,1,Size,,1,1
variation,,,1,,0,visible,,,1,,,,,,100,110,,http://images.midoceanbrands.com/image.mvc/WithIcon/MO5107_03/700/700/MO5107_03.jpg,Color,,1,1,Size,,1,1
variation,,,1,,0,visible,,,1,,,,,,100,110,,http://images.midoceanbrands.com/image.mvc/WithIcon/MO5107_03/700/700/MO5107_03.jpg,Color,,1,1,Size,,1,1
variation,,,1,,0,visible,,,1,,,,,,100,110,,http://images.midoceanbrands.com/image.mvc/WithIcon/MO5107_03/700/700/MO5107_03.jpg,Color,,1,1,Size,,1,1
variation,,,1,,0,visible,,,1,,,,,,100,110,,http://images.midoceanbrands.com/image.mvc/WithIcon/MO5107_03/700/700/MO5107_03.jpg,Color,,1,1,Size,,1,1
variable,,,1,,,visible,,,1,,,,,,100,110,,http://images.midoceanbrands.com/image.mvc/WithIcon/MO6001_03/700/700/MO6001_03.jpg,Color,,1,1,Size,,1,1
variation,,,1,,0,visible,,,1,,,,,,100,110,,http://images.midoceanbrands.com/image.mvc/WithIcon/MO6001_03/700/700/MO6001_03.jpg,Color,,1,1,Size,,1,1
variation,,,1,,0,visible,,,1,,,,,,100,110,,http://images.midoceanbrands.com/image.mvc/WithIcon/MO6001_03/700/700/MO6001_03.jpg,Color,,1,1,Size,,1,1
variation,,,1,,0,visible,,,1,,,,,,100,110,,http://images.midoceanbrands.com/image.mvc/WithIcon/MO6001_03/700/700/MO6001_03.jpg,Color,,1,1,Size,,1,1
variation,,,1,,0,visible,,,1,,,,,,100,110,,http://images.midoceanbrands.com/image.mvc/WithIcon/MO6001_03/700/700/MO6001_03.jpg,Color,,1,1,Size,,1,1
variation,,,1,,0,visible,,,1,,,,,,100,110,,http://images.midoceanbrands.com/image.mvc/WithIcon/MO6001_03/700/700/MO6001_03.jpg,Color,,1,1,Size,,1,1
variation,,,1,,0,visible,,,1,,,,,,100,110,,http://images.midoceanbrands.com/image.mvc/WithIcon/MO6001_03/700/700/MO6001_03.jpg,Color,,1,1,Size,,1,1
variation,,,1,,0,visible,,,1,,,,,,100,110,,http://images.midoceanbrands.com/image.mvc/WithIcon/MO6001_03/700/700/MO6001_03.jpg,Color,,1,1,Size,,1,1
variation,,,1,,0,visible,,,1,,,,,,100,110,,http://images.midoceanbrands.com/image.mvc/WithIcon/MO6001_03/700/700/MO6001_03.jpg,Color,,1,1,Size,,1,1
variation,,,1,,0,visible,,,1,,,,,,100,110,,http://images.midoceanbrands.com/image.mvc/WithIcon/MO6001_03/700/700/MO6001_03.jpg,Color,,1,1,Size,,1,1
variation,,,1,,0,visible,,,1,,,,,,100,110,,http://images.midoceanbrands.com/image.mvc/WithIcon/MO6001_03/700/700/MO6001_03.jpg,Color,,1,1,Size,,1,1
variation,,,1,,0,visible,,,1,,,,,,100,110,,http://images.midoceanbrands.com/image.mvc/WithIcon/MO6001_03/700/700/MO6001_03.jpg,Color,,1,1,Size,,1,1
variation,,,1,,0,visible,,,1,,,,,,100,110,,http://images.midoceanbrands.com/image.mvc/WithIcon/MO6001_03/700/700/MO6001_03.jpg,Color,,1,1,Size,,1,1
variation,,,1,,0,visible,,,1,,,,,,100,110,,http://images.midoceanbrands.com/image.mvc/WithIcon/MO6001_03/700/700/MO6001_03.jpg,Color,,1,1,Size,,1,1
variable,,,1,,,visible,,,1,,,,,,100,110,,http://images.midoceanbrands.com/image.mvc/WithIcon/MO6003_03/700/700/MO6003_03.jpg,Color,,1,1,Size,,1,1
variation,,,1,,0,visible,,,1,,,,,,100,110,,http://images.midoceanbrands.com/image.mvc/WithIcon/MO6003_03/700/700/MO6003_03.jpg,Color,,1,1,Size,,1,1
variation,,,1,,0,visible,,,1,,,,,,100,110,,http://images.midoceanbrands.com/image.mvc/WithIcon/MO6003_03/700/700/MO6003_03.jpg,Color,,1,1,Size,,1,1
variation,,,1,,0,visible,,,1,,,,,,100,110,,http://images.midoceanbrands.com/image.mvc/WithIcon/MO6003_03/700/700/MO6003_03.jpg,Color,,1,1,Size,,1,1
variation,,,1,,0,visible,,,1,,,,,,100,110,,http://images.midoceanbrands.com/image.mvc/WithIcon/MO6003_03/700/700/MO6003_03.jpg,Color,,1,1,Size,,1,1
variation,,,1,,0,visible,,,1,,,,,,100,110,,http://images.midoceanbrands.com/image.mvc/WithIcon/MO6003_03/700/700/MO6003_03.jpg,Color,,1,1,Size,,1,1
variation,,,1,,0,visible,,,1,,,,,,100,110,,http://images.midoceanbrands.com/image.mvc/WithIcon/MO6003_03/700/700/MO6003_03.jpg,Color,,1,1,Size,,1,1
variation,,,1,,0,visible,,,1,,,,,,100,110,,http://images.midoceanbrands.com/image.mvc/WithIcon/MO6003_03/700/700/MO6003_03.jpg,Color,,1,1,Size,,1,1
variation,,,1,,0,visible,,,1,,,,,,100,110,,http://images.midoceanbrands.com/image.mvc/WithIcon/MO6003_03/700/700/MO6003_03.jpg,Color,,1,1,Size,,1,1
variation,,,1,,0,visible,,,1,,,,,,100,110,,http://images.midoceanbrands.com/image.mvc/WithIcon/MO6003_03/700/700/MO6003_03.jpg,Color,,1,1,Size,,1,1
variation,,,1,,0,visible,,,1,,,,,,100,110,,http://images.midoceanbrands.com/image.mvc/WithIcon/MO6003_03/700/700/MO6003_03.jpg,Color,,1,1,Size,,1,1
variation,,,1,,0,visible,,,1,,,,,,100,110,,http://images.midoceanbrands.com/image.mvc/WithIcon/MO6003_03/700/700/MO6003_03.jpg,Color,,1,1,Size,,1,1
variation,,,1,,0,visible,,,1,,,,,,100,110,,http://images.midoceanbrands.com/image.mvc/WithIcon/MO6003_03/700/700/MO6003_03.jpg,Color,,1,1,Size,,1,1
variation,,,1,,0,visible,,,1,,,,,,100,110,,http://images.midoceanbrands.com/image.mvc/WithIcon/MO6003_03/700/700/MO6003_03.jpg,Color,,1,1,Size,,1,1
variable,,,1,,,visible,,,1,,,,,,100,110,,http://images.midoceanbrands.com/image.mvc/WithIcon/MO6004_03/700/700/MO6004_03.jpg,Color,,1,1,Size,,1,1
variation,,,1,,0,visible,,,1,,,,,,100,110,,http://images.midoceanbrands.com/image.mvc/WithIcon/MO6004_03/700/700/MO6004_03.jpg,Color,,1,1,Size,,1,1
variation,,,1,,0,visible,,,1,,,,,,100,110,,http://images.midoceanbrands.com/image.mvc/WithIcon/MO6004_03/700/700/MO6004_03.jpg,Color,,1,1,Size,,1,1
variation,,,1,,0,visible,,,1,,,,,,100,110,,http://images.midoceanbrands.com/image.mvc/WithIcon/MO6004_03/700/700/MO6004_03.jpg,Color,,1,1,Size,,1,1
variation,,,1,,0,visible,,,1,,,,,,100,110,,http://images.midoceanbrands.com/image.mvc/WithIcon/MO6004_03/700/700/MO6004_03.jpg,Color,,1,1,Size,,1,1
variation,,,1,,0,visible,,,1,,,,,,100,110,,http://images.midoceanbrands.com/image.mvc/WithIcon/MO6004_03/700/700/MO6004_03.jpg,Color,,1,1,Size,,1,1
variation,,,1,,0,visible,,,1,,,,,,100,110,,http://images.midoceanbrands.com/image.mvc/WithIcon/MO6004_03/700/700/MO6004_03.jpg,Color,,1,1,Size,,1,1
variation,,,1,,0,visible,,,1,,,,,,100,110,,http://images.midoceanbrands.com/image.mvc/WithIcon/MO6004_03/700/700/MO6004_03.jpg,Color,,1,1,Size,,1,1
variation,,,1,,0,visible,,,1,,,,,,100,110,,http://images.midoceanbrands.com/image.mvc/WithIcon/MO6004_03/700/700/MO6004_03.jpg,Color,,1,1,Size,,1,1
variable,,,1,,,visible,,,1,,,,,,100,110,,http://images.midoceanbrands.com/image.mvc/WithIcon/MO8735_03/700/700/MO8735_03.jpg,Color,,1,1,Size,,1,1
variation,,,1,,0,visible,,,1,,,,,,100,110,,http://images.midoceanbrands.com/image.mvc/WithIcon/MO8735_03/700/700/MO8735_03.jpg,Color,,1,1,Size,,1,1
variation,,,1,,0,visible,,,1,,,,,,100,110,,http://images.midoceanbrands.com/image.mvc/WithIcon/MO8735_03/700/700/MO8735_03.jpg,Color,,1,1,Size,,1,1
variation,,,1,,0,visible,,,1,,,,,,100,110,,http://images.midoceanbrands.com/image.mvc/WithIcon/MO8735_03/700/700/MO8735_03.jpg,Color,,1,1,Size,,1,1
variation,,,1,,0,visible,,,1,,,,,,100,110,,http://images.midoceanbrands.com/image.mvc/WithIcon/MO8735_03/700/700/MO8735_03.jpg,Color,,1,1,Size,,1,1
variation,,,1,,0,visible,,,1,,,,,,100,110,,http://images.midoceanbrands.com/image.mvc/WithIcon/MO8735_03/700/700/MO8735_03.jpg,Color,,1,1,Size,,1,1
variation,,,1,,0,visible,,,1,,,,,,100,110,,http://images.midoceanbrands.com/image.mvc/WithIcon/MO8735_03/700/700/MO8735_03.jpg,Color,,1,1,Size,,1,1
variable,,,1,,,visible,,,1,,,,,,100,110,,http://images.midoceanbrands.com/image.mvc/WithIcon/MO8839_03/700/700/MO8839_03.jpg,Color,,1,1,Size,,1,1
variation,,,1,,0,visible,,,1,,,,,,100,110,,http://images.midoceanbrands.com/image.mvc/WithIcon/MO8839_03/700/700/MO8839_03.jpg,Color,,1,1,Size,,1,1
variation,,,1,,0,visible,,,1,,,,,,100,110,,http://images.midoceanbrands.com/image.mvc/WithIcon/MO8839_03/700/700/MO8839_03.jpg,Color,,1,1,Size,,1,1
variation,,,1,,0,visible,,,1,,,,,,100,110,,http://images.midoceanbrands.com/image.mvc/WithIcon/MO8839_03/700/700/MO8839_03.jpg,Color,,1,1,Size,,1,1
variation,,,1,,0,visible,,,1,,,,,,100,110,,http://images.midoceanbrands.com/image.mvc/WithIcon/MO8839_03/700/700/MO8839_03.jpg,Color,,1,1,Size,,1,1
variation,,,1,,0,visible,,,1,,,,,,100,110,,http://images.midoceanbrands.com/image.mvc/WithIcon/MO8839_03/700/700/MO8839_03.jpg,Color,,1,1,Size,,1,1
variation,,,1,,0,visible,,,1,,,,,,100,110,,http://images.midoceanbrands.com/image.mvc/WithIcon/MO8839_03/700/700/MO8839_03.jpg,Color,,1,1,Size,,1,1
variable,,,1,,,visible,,,1,,,,,,100,110,,http://images.midoceanbrands.com/image.mvc/WithIcon/MO9141_03/700/700/MO9141_03.jpg,Color,,1,1,Size,,1,1
variation,,,1,,0,visible,,,1,,,,,,100,110,,http://images.midoceanbrands.com/image.mvc/WithIcon/MO9141_03/700/700/MO9141_03.jpg,Color,,1,1,Size,,1,1
variable,,,1,,,visible,,,1,,,,,,100,110,,http://images.midoceanbrands.com/image.mvc/WithIcon/MO9238_03/700/700/MO9238_03.jpg,Color,,1,1,Size,,1,1
variation,,,1,,0,visible,,,1,,,,,,100,110,,http://images.midoceanbrands.com/image.mvc/WithIcon/MO9238_03/700/700/MO9238_03.jpg,Color,,1,1,Size,,1,1
variation,,,1,,0,visible,,,1,,,,,,100,110,,http://images.midoceanbrands.com/image.mvc/WithIcon/MO9238_03/700/700/MO9238_03.jpg,Color,,1,1,Size,,1,1
variable,,,1,,,visible,,,1,,,,,,100,110,,http://images.midoceanbrands.com/image.mvc/WithIcon/MO9498_03/700/700/MO9498_03.jpg,Color,,1,1,Size,,1,1
variation,,,1,,0,visible,,,1,,,,,,100,110,,http://images.midoceanbrands.com/image.mvc/WithIcon/MO9498_03/700/700/MO9498_03.jpg,Color,,1,1,Size,,1,1
variation,,,1,,0,visible,,,1,,,,,,100,110,,http://images.midoceanbrands.com/image.mvc/WithIcon/MO9498_03/700/700/MO9498_03.jpg,Color,,1,1,Size,,1,1
variation,,,1,,0,visible,,,1,,,,,,100,110,,http://images.midoceanbrands.com/image.mvc/WithIcon/MO9498_03/700/700/MO9498_03.jpg,Color,,1,1,Size,,1,1
variation,,,1,,0,visible,,,1,,,,,,100,110,,http://images.midoceanbrands.com/image.mvc/WithIcon/MO9498_03/700/700/MO9498_03.jpg,Color,,1,1,Size,,1,1
variation,,,1,,0,visible,,,1,,,,,,100,110,,http://images.midoceanbrands.com/image.mvc/WithIcon/MO9498_03/700/700/MO9498_03.jpg,Color,,1,1,Size,,1,1
variation,,,1,,0,visible,,,1,,,,,,100,110,,http://images.midoceanbrands.com/image.mvc/WithIcon/MO9498_03/700/700/MO9498_03.jpg,Color,,1,1,Size,,1,1
simple,,,1,,0,visible,,,1,,,,,,100,110,,http://images.midoceanbrands.com/image.mvc/WithIcon/MO9871_13/700/700/MO9871_13.jpg,,,,,,,,
